"id","text","topics","complexity","quality_score","structural_elements","num_parties","case_references"
"0","Splash Pte Ltd (“Splash”) conducts adventure boat rides around the coast of Singapore. Customers sign up for a one-hour ride in a speedboat, which usually involves sharp turns and wave-jumping at high speeds. Passengers face various risks: collision with each other or with the interior of the boat, heavy sprays of water and falling overboard. For these reasons, the standard practice is for the company to provide a life jacket and full-face helmet for each passenger; both are to be worn at all times. On this fateful day, the speedboat carries Captain Ahab and three passengers: Vladimir, Angela and Boris. Vladimir recently arrived in Singapore from Russia and is subject to compulsory quarantine. Suffering from severe “cabin fever”, he sneaks out of the hotel to join the ride for some fresh air. This constitutes an offence, punishable by a fine of up to SGD 20,000 and/or imprisonment for a term of up to 6 months. He, of course, discloses none of this to Splash or Captain Ahab. Captain Ahab forgets to bring sufficient helmets for the ride. She dons one herself and hands the last available helmet to Boris. Vladimir and Angela put on their life jackets but Boris, who is an experienced swimmer, refuses to wear his. About twenty minutes into the ride, Captain Ahab has the vessel racing at full throttle. She is distracted by her phone, capturing an exciting shot for the company’s Instagram feed. The boat clips a wave at an awkward angle and leaps into the air. Vladimir is flung into the side of the boat, fracturing his arm, and then tumbles overboard. Boris, always the hero, leaps into the water to rescue Vladimir. In the process of dragging Vladimir closer to the boat, Boris yanks too hard on Vladimir’s arm and the fracture worsens into a full break. Just as Vladimir clambers back onto the boat, tragedy strikes. Boris is swept away by a large wave and almost drowns. Captain Ahab manages to fish Boris’ inert body out of the water and resuscitates him. As Boris is regaining consciousness, Captain Ahab takes the opportunity to steal Boris’ very expensive Rolex dive watch. Worse still, Boris sustains mild brain damage as a result of nearly drowning. A few days after the ride, Angela is diagnosed with Covid-19. She caught it from Vladimir. Both Angela and Vladimir would have worn helmets if they had been provided and this would have prevented Angela from becoming infected. Captain Ahab has fled the jurisdiction and so the passengers want to sue Splash. You may assume that Captain Ahab was an employee of Splash and that she breached her duty of care to the passengers in failing to provide helmets, and in steering the vessel in the waves.","battery|negligence|duty_of_care|standard_of_care|causation|remoteness|illegality_defence|contributory_negligence|vicarious_liability","4","0.9","parties|scenario|legal_issues|complications|defences","5",""
"1","Donald, a local entrepreneur, runs Dump Hotel, which is famous for its weekly barbecues at which all the cooking is done using hydrochar, a charcoal-like biofuel derived from human waste generated at the hotel. The hydrochar is manufactured in a biochemical facility located next to the hotel. Joe is an elderly man who lives in his house across the street from Dump Hotel. As he suffers from agoraphobia (in his case, a fear of being outdoors or even being exposed to the outdoors), Joe spends his days and nights in his basement where he writes a daily blog on living with agoraphobia. Dump Hotel’s weekly barbecues create significant noise and smoke, causing Joe’s next door neighbour to complain. However, Joe is not personally affected because he lives in his basement. Recently, Joe notices a very bad odour in his basement. To manufacture hydrochar, Dump Hotel stores huge quantities of human waste (which would normally be disposed of as sewage) in a huge underground tank which feeds the biochemical facility. Some of the waste has leaked into subterranean tunnels and contaminated the ground within Joe’s property. While it does not pose a health risk, the contamination kills the plants growing in Joe’s garden. The odour is only detectable in the basement; it is not detectable anywhere else in the house or outside. As there is no explanation for what caused the leak and nobody knew about the tunnels, Donald refuses to take responsibility. He tweets that as the area is zoned for “COMMERCIAL and RESIDENTIAL” use, nobody should complain about a “LITTLE SMELL”. The bad smell forces Joe out of the basement and he suffers panic attacks due to his agoraphobia. His friend, Kamala, visits him regularly to check that he has food in the fridge and an adequate supply of his medication. During her last visit before going on holiday, she forgets to check his medical supplies. Joe runs out of his anxiety medication two days after Kamala leaves. When he realizes he has no more medication, he is suddenly overwhelmed by panic, which triggers a psychiatric disorder. Kamala returns three days later to find Joe in a neurotic state. She rushes him to hospital, where he is diagnosed as suffering from a recognized psychiatric disorder. The emergency psychiatrist, Dr Fauci, is of the view that Joe is at risk of self-harm and recommends urgent electric shock therapy. Joe’s psychiatric disorder has affected his capacity to consent. Kamala asks Dr Fauci whether there any risks associated with the therapy. Dr Fauci informs her that the therapy is safe and might even be able to cure his agoraphobia. Kamala tells Dr Fauci that Joe’s entire life revolves around his agoraphobia and suggests that he consider alternative treatments. Dr Fauci proceeds with the treatment believing it to be necessary to minimize the risk of self-harm and that it would be in Joe’s best interests to be cured of agoraphobia. The treatment is successful and Joe is also no longer agoraphobic. However, he is distraught as agoraphobia has been central to his identity all his life. He blames Dr Fauci for destroying the very essence of his being and for his ensuing emotional distress. He is also upset with Kamala for forgetting to check on his medicine and causing his psychiatric injury.","negligence|duty_of_care|standard_of_care|causation|remoteness|psychiatric_harm|trespass_to_land|private_nuisance|rylands_v_fletcher|consent_defence","4","0.88","parties|scenario|legal_issues|complications|defences","5",""
"2","White Sands Cottage (WSC) is a luxurious assisted living facility for the elderly. Residents are provided well-furnished living quarters, excellent food, wellness programs and nursing care where needed. While they are free to leave the residence on their own, most residents do not as WSC provides most, if not all, of their needs. Recently, Tom became a resident of WSC and took a liking to Violet, a physiotherapist employed by WSC. Violet politely declined Tom’s invitations to dinner on various occasions. Violet is in a romantic relationship with Paul, who worked as a pastry chef in WSC’s kitchen. WSC’s terms of employment disallow such romantic liaisons between co- workers. WSC’s kitchen operations are outsourced to Best Foods (BF), and Paul is employed by BF to run the operations that produce WSC’s daily dessert menu selections. Although WSC owns the kitchen and all its equipment, BF manages the kitchen staff and directly handles the residents’ feedback on the quality and variety of the daily menu offerings. Paul is angry with Tom for trying to date Violet and confronts Tom. He shakes his fist at Tom and says in a harsh tone: “Stop disturbing Violet or you will meet my fist tonight!”. Tom, feeling threatened by Paul’s tall stature and aggressive tone, retaliated. In front of a large number of residents and staff, Tom exclaimed that Paul was actually a former prison inmate who had been convicted of various criminal offences, and that he should not be allowed to work in a place like WSC. Although BF was aware of Paul’s criminal record, they had decided to give him a second chance to reintegrate into society. Paul, both incensed by and highly distressed at this public humiliation, punches Tom. The latter falls backwards, hits his head on the ground and suffers a skull fracture. WSC’s security officers are summoned, but Paul escapes before they arrive. Paul drives off from WSC hurriedly in his car in order to avoid police investigations into a possible offence under the Penal Code, with Violet accompanying him. Her work permit recently expired and she was also keen to avoid police questioning as her continued employment with WSC would be an immigration offence punishable by imprisonment or a fine. Agitated by what transpired earlier, Paul discusses the recent chain of events with Violet while driving, and does not pay proper attention to the road ahead. A lorry coming in the opposite direction carelessly swerves into Paul’s lane in order to overtake a slow moving car. Paul does not react in time and they collide head-on with the lorry, resulting in both Paul and Violet suffering serious injuries.","assault|battery|false_imprisonment|harassment|negligence|duty_of_care|standard_of_care|causation|remoteness|defamation|vicarious_liability","4","0.85","parties|scenario|legal_issues|complications|defences","5",""
"3","Ever since it was re-zoned for mixed commercial and residential use 10 years ago, Kampong Kechil has gained the reputation as a bustling food and beverage district with many restaurants, cafes, bars as well as residential properties. Burger and Blues (B&B) is one of the most popular restaurants in Kampong Kechil. It opened for business about a year ago and rapidly gained popularity. The restaurant is open till 2 am in the morning and there is live music on the restaurant patio on weekends. As alcohol is also served, B&B’s customers are usually noisy and rowdy. Anna lives in an apartment on the third floor of a building just behind B&B which she found on a short term rental website. She has leased the apartment for 4 weeks from the owner who is overseas. She complains about the noise and fumes from B&B’s large metal chimney that is just 4 metres away from her bedroom window. Anna cannot open her bedroom windows because of the strong smell of stale oil. Harry, B&B’s owner, says that he cannot do more to reduce the noise and fumes from the exhaust system as the upgrading costs are prohibitive and would wipe out his first year of profits. The noise from B&B at night kept Anna awake and she suffered from a lack of sleep. This aggravated Anna’s pre-existing skin allergy condition. She woke up one morning to find that her face, arms and legs were covered in painful blisters. She visited a dermatologist immediately, who then carelessly prescribed some new medication without checking Anna’s allergy history. The next day, Anna collapsed because of a serious allergic reaction to the new medication. This caused Anna permanent kidney failure and she now has to undergo regular dialysis treatment. Ivan lives in a ground floor apartment in the same building as Anna, in which he has a small garden where he grows rare orchids. One day, Ivan woke up to a horrible stench. When he looked out into his garden, he realized to his horror that it was flooded with raw sewage. Ivan’s neighbours also had their gardens flooded with raw sewage. Most of his precious orchids were ruined. Investigations revealed that a ‘fatberg’ had clogged up the main sewer pipe running underground along an adjacent road and this caused raw sewage to overflow into the surrounding area. A ‘fatberg’ is a congealed mass of fat, oil, grease, wet wipes and other items that have been washed down sinks and toilets instead of being properly disposed of. Investigations further revealed that B&B’s waste oil processing equipment was not working (which would have broken down the oil into a less harmful substance), and its staff have been pouring waste oil down the kitchen sink and drainage pipes despite regular reminders from National Environment Agency officers not to do so. Despite this, Harry claims that he did not know that the improper disposal of waste oil could lead to the formation of a ‘fatberg’. He also points out that other restaurants and cafes in the area were also discarding waste oil into the sewers. However, the large volume of waste oil discarded from B&B materially increased the risk of the fatberg forming.","private_nuisance|negligence|duty_of_care|standard_of_care|causation|remoteness|consent_defence|rylands_v_fletcher","4","0.87","parties|scenario|legal_issues|defences|remedies","5",""
"4","Copacabana is the hottest beach club in Sentosa. Music and passion are always the fashion, as hundreds of trendy revellers party from 8pm until 4am throughout the week. Flavia signed a contract with the club to be its “DJ in residence” for six months. She must work 15 hours per week, including at least one whole night on a Friday or Saturday. For this Flavia receives a flat fee, divided into weekly instalments, plus a bonus based upon attendance. The club is entitled to terminate the contract if attendance falls below a certain figure for two weeks in a row. The club provides the sound system. Flavia brings her own discs and is free to set the playlist, so long as it remains predominantly on the Latin American theme of merengue and cha-cha. Rico and Carlos go to the club one night. Carlos is only 17 years old; he gains admission by using a fake ID. Under the liquor licensing regulations, a person under the age of 18 commits an offence by buying or consuming alcohol. The offence attracts a fine of up to $5,000 and imprisonment not exceeding 3 months. Rico and Carlos soon make nuisances of themselves, showing off their diamond bling and approaching every woman in the vicinity. They then go to the bar to order cocktails from Tony, the bartender employed by the club. Tony carelessly splashes a large quantity of spirits into both drinks. Carlos soon begins to feel unwell and goes to the bathroom. While he is lying on the bathroom floor, sick and dizzy, another clubgoer accidentally steps on his hand, breaking a finger. That same clubgoer then steals his wallet. Rico continues to party. Across the crowded floor he spots Lola, one of the dancers employed by the club. He calls her over when she finishes dancing. Unknown to Rico, Lola is dating Tony. Rico goes a bit too far with Lola and Tony signals frantically to the club’s security officer to intervene. The security officer comes to Lola’s assistance and separates the pair. Tony then decides to teach Rico a lesson for harassing Lola, and spikes Rico’s cocktail with a hallucinogenic drug. Rico becomes delirious, trips and hits his head against the bar counter. He suffers a serious head injury. As Flavia prepares her next set of dance tracks, Lola clambers onto a special dancing podium next to the main speakers. Flavia fiddles with the volume controls, causing a deafening blast of bass right into Lola’s eardrum. Lola, who already had hearing damage due to a long career dancing in clubs, develops chronic tinnitus (ringing or buzzing in the ears). You may assume that: (1) Flavia was negligent in her volume control and (2) Tony was negligent in adding too much alcohol to the drinks.","negligence|duty_of_care|standard_of_care|causation|remoteness|battery|harassment|false_imprisonment","4","0.88","parties|scenario|legal_issues|complications|defences","5",""
"5","Clean Future Ltd operates a large landfill (a place where waste is buried in the land as a form of disposal) in Willow Town. There are some residential houses and a home for the aged (Peace Home) near the landfill. Large trucks transporting garbage from all parts of Singapore arrive at the landfill round the clock. The traffic and landfill activity causes a lot of noise. The landfill also produces odours and gases because of decomposition. Crows, rats and other scavenging animals are frequently found on the landfill. Occasionally, Clean Future Ltd burns some of the rubbish in the open. Charlene lives in a single-storey house near the landfill which she is renting on a two-year lease. Despite keeping the windows closed at all times, she is still bothered by the stench and traffic noise. The traffic noise keeps her awake at night and she does not get much sleep. As a result, she is unable to concentrate at work and suffers from frequent headaches and chest pains. Charlene owns a restaurant and often buys expensive cooking ingredients which she keeps in a storage room at her home. Recently, she discovered that rats had entered her home and destroyed all her cooking ingredients, including a rare herb that is valued at $1,500. Millie lives in the house next to Charlene. One day, in accordance with its usual practice, the landfill workers dampened the surrounding area after burning waste and left the remaining fire to burn out. A strong gust of wind reignited the fire a few hours later, and the fire spread towards Millie's garden. As soon as she saw the fire advancing towards her garden, Millie called the “995” hotline operated by the Singapore Civil Defence Force. The hotline operator informed her that a fire engine will arrive at her residence in approximately 10 minutes, and that she should stay clear of the fire. However, the fire engine arrived nearly 40 minutes after the call. By this time, the fire had destroyed her garden shed, front porch and parked car. It turned out that the fire engine arrived later than predicted because it had been provided erroneous information. The operator had typed in the wrong residential postal code into the system when she received the call and the fire engine driver initially went to the wrong address. If they had arrived in the time indicated, most of the property damage would have been averted. Peace Home has also recently discovered that the soil in its garden contains dangerous levels of toxic contaminants, which are known to increase the risk of developing various cancers. It was found that the source of the toxic contaminants is the landfill. Liquids containing the toxic contaminants leaked from the landfill into the neighbouring land. It is common knowledge that leakage frequently occurs in landfills, and that it is very costly to build a leak-proof landfill. Clean Future had considered retro-fitting its landfill a few years ago to reduce the risk of leakage but decided against it because of the high costs. Peace Home wants an injunction issued against Clean Future to stop its operations.","private_nuisance|negligence|duty_of_care|standard_of_care|causation|remoteness|contributory_negligence","4","0.85","parties|scenario|legal_issues|defences","5",""
"6","Robert Lim was suffering from a very rare condition which had caused a nodule to grow at the base of his neck. He went to the Singapore National Hospital, where he was advised by Dr Abdul Aziz that if the nodule was not removed it would continue to grow, and would eventually reach such a size that it would threaten his life. Dr Aziz advised Robert that the procedure to remove the nodule would be a very delicate one, and that the only specialist in Singapore who was qualified to perform it was Dr Megan Nathan. Dr Nathan was in private practice, but on several prior occasions had performed surgery of this type as a consultant at the Singapore National Hospital. Robert agreed that Dr Nathan should carry out the surgery at the hospital. During the consultation at which Robert met Dr Nathan and signed the form consenting to the removal of the nodule, Dr Nathan explained the nature of the surgery and outlined a number of possible risks and side-effects. However, she omitted to tell Robert that there was a 0.1% chance that, even if the surgery to remove the nodule was successful, he could suffer from permanent paralysis and be in extreme discomfort for the rest of his life. Unfortunately, although Dr Nathan performed the procedure competently, this risk eventuated. The majority of doctors in Singapore would not have wished to disclose a risk which was statistically so small, but most patients would have wished to be informed of a risk with such potentially severe consequences. Robert subsequently acknowledged that, even if he had known of the risk, he would have asked Dr Nathan to perform the procedure at some point, but that he would have deferred it until the nodule had further increased in size. While Dr Nathan was performing the procedure to remove the nodule, she noticed that Robert had another and different type of growth behind his right ear. This she correctly diagnosed as suggesting the presence of a small brain tumour, which if not removed would also eventually prove life-threatening. Since Robert was already under general anaesthetic, Dr Nathan took the opportunity to excise the tumour, even though this was not her particular area of expertise. When Robert awoke from the anaesthetic and Dr Nathan told him that she had carried out this additional procedure, he was furious. He said that had he been aware of the tumour's presence he would not have consented to it being removed by Dr Nathan, but would instead have chosen to have the procedure performed by a brain surgeon. Robert now wishes to sue Dr Nathan for her failure to warn him of the risk associated with the procedure to remove the nodule, and for carrying out the procedure to remove the tumour. In addition, he wishes to know whether the Singapore National Hospital can also be held accountable for Dr Nathan's conduct.","negligence|duty_of_care|standard_of_care|causation|remoteness|consent_defence|vicarious_liability","4","0.9","parties|scenario|legal_issues|complications|defences","5",""
"7","Donald is a businessman who wishes to build a business empire servicing the needs of elderly people. He commissions Halimah, an investment consultant, to prepare a demographic report identifying locations in Singapore with high proportions of aging citizens. Donald informs Halimah that his son, Jared, will help him with the business project. Jared works closely with Halimah, who identifies the Sungei Kadut area as having the highest proportion of elderly residents. Halimah also identifies an existing block of apartments in Sungei Kadut that can be converted into a nursing home. She submits her report to Donald and gives a copy to Jared, suggesting that he, Jared, buy the apartment block. Relying on the report, Jared uses his own money to purchase the block of apartments to convert into a nursing home. Soon after Jared’s purchase of the apartment block, the Government announces that it will provide subsidized nursing home facilities in Sungei Kadut for elderly Singaporeans. Halimah had negligently failed to note this major Government project when she prepared her report. Jared loses a significant amount of his investment in the planned nursing home. Jared turns the nursing home into a dormitory for foreign workers to reduce his loss. In no time, the dormitory is filled with workers from India. Many of the Indian workers enjoy playing cricket and do so every evening until late in the night, playing under the street lights. Occasionally, a ball will fly into an apartment block located over 120 meters away from the dormitory. Saras, the owner of one of the apartments, is incensed when a cricket ball smashes through her kitchen window. She also resents the workers playing cricket and complaining about the noise. None of the other residents are bothered by the cricket and many of them in fact join the workers for a game. Saras is upset because she grew up next to a cricket pitch and has developed a hatred for the sport which dominated her early childhood. Saras decides to find a way to shut down the dormitory across her street. After painstaking research, she discovers that Jared has not complied with one of the regulatory requirements under the Foreign Employee Dormitories Act 2015. She seeks the assistance of her uncle, George, a property developer. Following an agreed plan of action with Saras, George files a complaint with the Commissioner for Foreign Employee Dormitories, who revokes Jared’s licence to operate a foreign employee dormitory, causing Jared economic loss. Separately, Global Cities, a major construction company that employs foreign construction workers from China, enters into a contract with Jared for the provision of dormitories. Jared converts a second building in Bishan to accommodate the Chinese workers. George, who has some vacant properties, approaches Global Cities and offers to provide dormitories at half the rate charged by Jared. Global Cities accepts George’s offer and breaches its contract with Jared, causing him economic loss with respect to his Bishan dormitory.","negligence|duty_of_care|standard_of_care|causation|remoteness|illegality_defence|private_nuisance|vicarious_liability","4","0.85","parties|scenario|legal_issues|complications|defences","5",""
"8","Play World is an amusement park. Ang, Beng and Chan are three school-mates who visit the park one Saturday. Beng and Chan buy their entrance tickets, enter lawfully and obtain visitor stamps on their right hands. Ang puts on a fake security officer's uniform and manages to enter the park as well as obtain a stamp on his right hand as if he were a visitor who had bought an entrance ticket. This deception is an offence punishable with a fine of $500 and/or a sentence of community service for 2 weeks. Ang changes back into his regular clothes. He takes a ride on the **PW Ferris Wheel**. On the second turn of the wheel, right about the top of the circle, the engine stops. The engine has been poorly maintained by Play World for some time. During this time Ang sends WhatsApp messages repeatedly to Play World to complain and insult 'all you useless people'. The messages are relayed to the safety engineer who becomes incensed and thinks to himself 'I'll leave you where you are, you ungrateful kid'. The safety engineer leaves for home without completing the repair. Ang is left trapped in his seat for another hour before another engineer completes the repair of the engine, so that Ang can be brought down. Upon descent, Ang feels embarrassed and is slightly dehydrated—although, thankfully, not physically injured. He wants Play World to compensate him for both the 30 minutes, and the next full hour, of his entrapment at the top of the wheel. Ang's predicament is witnessed by Chan who, unknown to Ang, harbours ill-feelings towards Ang. Chan takes a photo of Ang trapped in his seat at the top of the PW Ferris Wheel, and he sends it to Ang's mother with the caption: 'Too bad, Auntie. Your son probably gonna die today. Hehe.' Ang's mother is terrified on seeing and reading this on her smart-phone. Ang is her only child. Ang's mother becomes emotionally upset for a few hours worrying about Ang and sobbing uncontrollably. She is relieved only when Ang arrives home that evening. Ang's mother continues to suffer from the occasional flashbacks of that event. She wants to sue Chan for 'this sick joke'. Beng and Chan play a game called Soft Bojutsu inside the designated ring. Two combatants are given large plastic sticks covered in padded foam. The objective is to force the other person out of the ring by pushing him or hitting him with the stick. Beng had his braces removed a week ago. He was advised by his dentist not to engage in 'rough contact sports' for a month but the lure of the game was too strong for the teenager. There is a prominent sign at the entrance to the ring, that reads: 1. All players shall wear helmets as provided by Play World. 2. A player may not hit the other player's head whether with the stick or using any part of your own body. An umpire offers Beng a helmet. Beng refuses to wear it saying, 'no one is allowed to hit my head anyway'. The umpire allows Beng to play the game with Chan. You may assume that it is negligent of the umpire not to insist on Beng wearing the helmet. Beng and Chan begin their fight, during which Chan successfully hits Beng's torso very hard several times. Chan then taps Beng lightly on his head. Beng collapses from the pain of the hard hits to his torso. As a result of Beng collapsing on the floor, his newly-corrected teeth are smashed out of position. Beng forgives his friend Chan but wants Play World to compensate him for his injuries. Advise Ang, Ang's mother and Beng of the torts that may have been committed against them by the defendant each wants to sue and the legal issues that may arise in each suit. Where the tort is negligence, you may assume and need not discuss the existence of the defendant's duty of care and the defendant's breach of the duty owed. Where Play World is sued, you may assume it is legally responsible for all the acts or omissions of its staff at the amusement park.","negligence|vicarious_liability|harassment|psychiatric_harm|battery|consent_defence|trespass_to_land|defamation","5","0.92","parties|scenario|legal_issues|complications|defences","6",""
"9","Kylesberg Corporation (KC) owns the recipes for several internationally popular specialty beers. It is financially secure. In its plans to conquer the Singapore market, it enters a unique commercial arrangement with Ah Boey Company (AB) in which KC is clearly the 'boss'. In their contractual documents AB is referred to as an 'independent contractor' of KC. AB will build a brewery in Singapore and produce KC's specialty beers. The arrangement ties AB down to the very specific and detailed instructions of KC regarding every aspect of production, including the look of the bottles and quality control. KC will supply the supervisors while AB's staff will only serve in subordinate positions. In all aspects of management and production AB agrees to a clearly subservient role and will serve KC's demands. AB never learns of KC's recipes. AB agrees to a clearly subservient role and will serve KC's demands in all aspects of management and production. AB appoints CanDo (CD), a firm of building contractors, to construct the brewery according to AB's specifications. Planning approval is obtained for the construction of a brewery within an area zoned for mixed uses, next to some houses where people have been living for a while. When the construction is nearing completion, the workers of CD accidentally cut an underground optical fibre that ran under the building site and continued into the neighbouring houses. There is no carelessness by the workers of CD as the owner of the optical fibre (i.e., the internet service provider) had not encased the optical fibre with metal, as it should have. **Wong** rents and lives in one of the houses. He loses his internet service and cannot play online games for the next 3 weeks which is the time it took the internet service provider to replace its damaged optical fibre. Wong is incensed at CD as he was just about to win an intense gaming battle with his 'friends' overseas. Wong wants to take action against CD because 'even if they were not careless in cutting the optical fibre, they are strictly liable to me'. One week after the brewery started brewing operations, a fire breaks out. The cause of the fire is not known. There are several large liquid gas cylinders stored in the brewery. The fire causes one cylinder to explode, resulting in a massive fire that spreads beyond the brewery to the neighbouring house. **Tan** owns the neighbouring house. It is damaged by the fire. Tan wants KC to shut down the brewing operations until safety features 'that meet the highest industry standards' are installed and he also wants compensation for the damage to his house. Tan wants to take action against the big international firm, KC, instead of the small local company, AB. AB discovers that CD did not meticulously follow AB's specifications. The floor of the brewery is not capable of bearing the weight required in a brewery. The floor is not unsafe, and it would have sufficed for most purposes. It is, nevertheless, defective because the floor cannot securely hold all the heavy equipment needed in a brewery. AB wants to know what type of 'harm' a defective floor is, and whether the builder CD owes AB a duty of care with respect to such harm resulting from their construction. Advise the parties: (a) Wong, as to what tort(s), if any, CD has committed against him; (b) Tan, as to the alternative bases, if any, upon which he may successfully argue that KC is liable to him for damage from the fire. Then, assuming Tan can successfully argue that KC is liable to him, what remedy or remedies, if any, Tan may expect a court to order in his favour; and (c) AB as to how their harm is characterised by the law of torts and whether AB is likely to succeed in arguing that the CD owed AB a duty of care with respect to such harm.","negligence|vicarious_liability|trespass_to_land|strict_liability|private_nuisance|consent_defence|causation|remoteness|duty_of_care|standard_of_care","5","0.9","parties|scenario|legal_issues|complications|defences","6",""
"10","In 2000, Bong started a dating application company known as 'Dicks'. In 2022, Bong reached out to Gong, a successful software developer at Google. In their meeting, Bong said 'I assure you if you leave Google, I will give you a higher pay and better clients with Dicks. There's no point staying at Google anyway since you aren't paid very well.' Gong left and pondered over the offer. A month later, Gong approached his supervisor, Dong, and informed him that he was submitting his resignation. Dong was secretly satisfied with Gong's resignation, as he felt that Gong was not performing very well in recent months. In fact, three months prior to the resignation, a member of Gong's team made a mistake in the software that Google was developing for a client, costing Google millions. While the incident report stated that Gong was responsible for the wrongdoing, the report acknowledged that the mistake ultimately lied on Gong's subordinate for his oversight in a patch. Subsequently, Gong reached out to Bong to accept his previous offer, where Bong indicated his interest to speak with Gong's prior supervisor about his performance before signing the employment contract. Gong obliged and provided Bong with Dong's contact. However, things turned sour when Dong told Bong that Gong had costed Google millions in the past months due to his oversight and poor performance. Bong hurriedly told Gong that he would not be proceeding with the employment, and blocked Gong. Gong was extremely dejected, and went for a walk at a nearby street to clear his mind. During his walk, Joelle, an air-con contractor from France, was fixing an air conditioning unit in a building. Gong had not noticed due to a lack of any signage on the ground floor, and stood directly below the air-con unit as he made a call to more recruiters. Joelle told Serena, her supervisor, to remain downstairs to guide passers-by away from the street as she noticed Gong speaking on the phone. While Serena was making her way down, Joelle dropped a hammer from the 6th floor. Due to her surprise, Joelle shouted in her native language, French, to tell Gong to move out of the way. Unfortunately, as he did not understand French, Gong instead looked up and was hit directly in the face by the hammer. Gong is now extremely upset, as he feels that the events had occurred as a result of bad decisions, and wants to take action against the parties. Advise Gong on any potential civil action he may undertake against the parties.","negligence|causation|remoteness|battery|harassment|defamation|vicarious_liability","4","0.82","parties|scenario|legal_issues|complications","5",""
"11","David brought Charles, his 80-year old father, for a medical check-up. The results showed that the latter had heart problems. David then brought Charles to see Dr Tang, a leading cardiologist attached to the Stamford Medical Group (SMG). Dr Tang is a consultant with SMG. He gives SMG half of his professional fees and, in return, is provided with a clinic as well as administrative and medical support whenever operations needed to be performed. After some checks, Dr Tang told David that Charles’ arteries were severely blocked and that a bypass was urgently required. Charles was initially reluctant to undergo a bypass. David asked about complications and risks surrounding the operation, to which Dr Tang, not wanting to deter David or Charles from a much- needed surgery for Charles, replied: ‘There are risks but the chances of success are good’. David translated the reply into a Chinese dialect (Hokkien) for his father. Charles felt reassured and agreed to go ahead with the bypass. Dr Tang also thought that it would not be necessary to give any further details concerning the operation since Charles is illiterate. A week later, the bypass was carried out at an operating theatre owned by SMG. The anaesthetist, Dr Lim, who is employed by SMG, had given the wrong dosage of anaesthetic to Charles. An hour into the operation, complications arose as Charles was not properly sedated and the correct dosage of anaesthetic had to be administered mid-way. As a result, the operation was delayed. Eventually, despite the best efforts of the operating team, Charles passed away. David is distraught and wishes to sue Dr Tang and SMG. He is also upset that Dr Tang did not warn him that the operation mortality rate for a patient of his father’s age and health condition is about 15%. Advise David. In his sadness and anger, David sent the following message to his Whatsapp chatgroup of 30 school friends, saying: ‘I’m devastated by my father’s death! Dr Tang assured me the operation would be fine and now my dad is gone. What kind of an expert is Dr Tang?!’ One member of the chatgroup, Jim, replied: ‘Must be that Dr Tang, the cardiologist from SMG?!’ John, another member of the chatgroup, posted David’s message as a news item on Heart-To-Heart, an online forum administered by a non-profit organisation “Heart Truths” for those interested in cardiology, adding the heading – ‘Son mourns father’s death from heart surgery’. Dr Tang learns of the posting from a fellow doctor and is furious that he has been maligned. As if these troubles were not enough, Dr Tang laments that since a month ago, each time he goes home for a quick lunch and a power nap, he is disturbed by the noise from Higher Notes, a music studio. Dr Tang lives in a semi-detached house where across the road is a row of shophouses. Higher Notes has been operating in one of the shophouses for 5 years now but, of late, it expanded its programmes beyond conducting lessons for piano, violin and classical guitar, and conducts lessons for drums and percussion as well. His wife, who works from home, is also disturbed by the noise from the drums and percussion instruments which last till the evening. Dr Tang wonders if he has any legal redress. Advise Dr Tang of his legal rights and remedies under tort law.","negligence|duty_of_care|standard_of_care|causation|remoteness|vicarious_liability|defamation|consent_defence|private_nuisance","4","0.88","parties|scenario|legal_issues|complications|defences","5",""
"12","Pan was 18 when he arrived in Singapore 6 months ago. He needed cash to pay the remaining portion of tuition fees for his upcoming course at the university and read an advertisement of a social media company (MediaX) seeking students to filter Internet content in order to ensure compliance with the company's Internet guidelines. MediaX offered good hourly-rated payment for the first 10 hours of work and overtime pay for work exceeding the 10 hours at twice the rate. Workers were required to give a 2-week notice to stop work. Pan applied for and secured work at MediaX. The hours were long, from 8 am to 11 pm (with a half-hour lunch break) from Monday to Saturday. His job was to filter content from videos, pictures and postings. According to MediaX guidelines, he had to delete postings that contain obscene, violent, lewd, or indecent pictures, videos, words or gestures based on a list of categories. The volume of posting he had to view each day was substantial. It worked out to Pan having to make a decision on a posting every 5 seconds. Pan complained to his fellow workers about dizziness and insomnia after 2 months and this was known to MediaX. Pan was paid handsomely for his work at MediaX. MediaX also owned an old single-storey factory on its land which it had leased to PrintX. The 10-year lease for the factory will soon expire. It stored heavy equipment for the purpose of printing books and magazines. Peter, an employee of PrintX, was responsible to work the printing equipment. Unknown to MediaX and PrintX, embedded within the walls of the old factory was a type of building material which released tiny particles of invisible dust when the paint started to flake from wear and tear. The invisible dust would probably not have been detected by experts in the construction industry. Peter, who had worked there for close to 8 years, started to suffer from bouts of coughing and dry throat a year ago. When Peter consulted Dr Dong, the latter informed him that his condition was just a temporary inflammation of the larynx. He was given antibiotics and told to rest his voice-box. Though doctors in Singapore would not be aware of the existence of the dust, a group of doctors in Singapore would, in any event, have required Peter to undergo a lung test to make sure that the passageway to his lungs was clear. A year later, it was discovered, to the surprise of respiratory specialists in Singapore, that Peter had contracted pneumoconiosis from the dust he was exposed to at the workplace. Adjacent to the side of the factory with a window and separated by a partition fence was a plot of land owned by Proctor. He had built a small house for his family and they had moved in next to the factory two years ago. His wife and daughter Penelope have started to experience fits of coughing and throat irritation. Proctor is worried about their condition and wishes to take legal action. To signal the company's complete shift from print to Internet media, MediaX engaged Publico (event organisers) to hold a launch with a fireworks display and a costume parade. Guests were invited to dress up in costumes and props resembling media celebrities. The costumes and props were obtained by Publico. MediaX specifically requested Publico's employee, Prakash, to obtain a special luminous make-up for the guests' faces and bodies to improve the authenticity of the performance. Prakash mistakenly used luminous make-up that were flammable when exposed to heat. As it turned out, the heat generated by the fireworks was so intense during the climax of the performance, that it ignited the make-up causing some guests to suffer burns. A week into classes, Pan continued to experience dizziness and insomnia. His attempts to sleep at night were often disrupted by the images which he had been exposed to at MediaX. Pan visited his ex-colleagues at MediaX and informed them of the adverse effects he was suffering and added: 'You should stop work at MediaX immediately before it is too late! Do warn the others too' Ling heeded Pan's advice and decided to quit on the same day. Subsequently, Pan was diagnosed as having post-traumatic stress disorder. On an Internet platform administered by MediaX, an anonymous person posted a lewd picture of a notoriously ugly monster (known as Nasty) and remarked that Prim - a prim and proper female user of the social media platform - was 'like Nasty's clone!' The post went viral. It was only when Prim highlighted the issue to the MediaX administrator 2 weeks later that the latter removed the posting. By that time, Prim was furious and wanted to sue MediaX. The public relations manager at MediaX explained that the volume of posts had increased considerably in the past months and they have been actively recruiting staff to moderate the content. Advise the parties on their rights and remedies under Singapore tort law.","negligence|duty_of_care|standard_of_care|causation|remoteness|vicarious_liability|private_nuisance|defamation|psychiatric_harm","5","0.9","parties|scenario|legal_issues|complications|defences","6",""
"13","Two days ago, the Singapore Science & Technology University (SSTU) celebrated its 25th anniversary by having an Open House on its campus. The activities included 'live' experiments, talks, showcasing of research and works of faculty and students, and games and activity booths by student clubs. There was a modest entrance fee of $2 and visitors were given a goodie bag. A star attraction was the 'live' demonstration by Albert (a renowned professor of chemistry), of a new chemical compound he had discovered. Another attraction was the student's club U & the Primates (U&P), brought a primate named Ming Ming to the Open House. Ming Ming was minded by two U&P members, James and John, who volunteered regularly at the zoo and were familiar with Ming Ming and vice-versa. The Open House turned out to be quite a disaster. As Albert was doing his 'live' experiment and mixing several chemicals in a huge glass container, there was an explosion. As a result, several members of the audience were injured by the glass fragments, including Huckle, who had sneaked into the Open House without buying a ticket. Ming Ming happened to be walking nearby, and the explosion and its accompanying commotion frightened her, sending her on a rampage, in the course of which she damaged several valuable paintings (owned by Pierre) displayed at a nearby booth before her minders managed to calm her down. Jamie, a reporter with NNS (News Now Sg), who was covering the Open House, rushed to the scene to find out what was happening. One person she spoke to was David Tan, a scientist from a competitor university. David said: 'Well, this prof was doing a live experiment and mixing several substances when there was an explosion which injured several persons. How irresponsible of the prof and the university to allow such a dangerous experiment to be done in public!' Another interviewee was Mr Lim, whose daughter was injured in the explosion. Mr Lim said angrily: 'What kind of university is this – conducting experiments without making sure that everything is safe! Who would dare to send his child to such a university?!' An hour later, the NNS website carried a 'Breaking News' report which included the two quotations. Albert was very troubled by the explosion incident. He was also upset as he had done this experiment successfully several times and believed that the glass container supplied to him by Hourglass Pte Ltd did not comply with his required specifications. In an emergency meeting with his Dean and his Provost that afternoon, he was berated over this fiasco and his attempted explanation fell on deaf ears. To drown his sorrows, Albert had a drink at the pub that evening. There he met his good friend, Peter, the Provost at Singapore National University (SNU). After hearing Albert’s sorrows, Peter said: 'Why don’t you join us? As you know, you are always welcome at SNU.' The next morning, Albert called Peter to express his interest to join SNU and Peter was delighted. After the conversation, Albert emailed his Dean and his Provost, informing them that he is leaving SSTU in 2 weeks’ time. Advise on the rights and liabilities (including defences, where relevant) of the various parties under the law of torts.","negligence|duty_of_care|standard_of_care|causation|remoteness|vicarious_liability|defamation","4","0.88","parties|scenario|legal_issues|complications","6",""
"14","Mach One Pte Ltd, a company incorporated in Singapore, has purchased a large plot of land in the western part of Singapore and has converted the plot into a race track for motorcycle racing. Since 2014, the races have taken place every weeknight as well as during weekends from 9 pm to 12 midnight. During race days, various booths which sell food and beverages, motoring paraphernalia and magazines would be set up to cater to the race participants and spectators. A fee of $20 and $10 per entry is charged for each participant and spectator respectively. The director of Mach One, Mr Shoemaker, has arrived from the United Kingdom in 2015 to operate and manage the business at the race track. He is an expert in motorcycling races. Racing has been his one and only passion and career since he left school. Pritam was selling satay at the Esplanade Food Hub and paying a rental charge of $5000 per month to Marketplace Pte Ltd, the owner and operator of the premises. He is the only satay seller at the Esplanade Food Hub. Foreigners and locals alike crave for his special satay sauce which contained a potent combination of spices and vinegar. Shoemaker approached Pritam in 2015 to set up a food stall selling satay during race days. When Pritam told him that business was brisk at the Esplanade Food Hub, Shoemaker said, “With the fever and excitement in Singapore, my sense is that night motorcycle racing is here to stay. I strongly believe your satay sales will certainly surpass many times the meagre rental you have to pay me. Definitely more than what you earn here. I will just charge you a rental of $3000 per month.” Pritam decided to move his stall to the Mach One race track. It was reported in the newspapers that Marketplace was “disappointed” that Pritam has decided to move to Mach One. The crowd at Esplanade Food Hub had dwindled considerably in the subsequent few months. Pearline's son, Paul, was an avid racer. Pearline had often tried to dissuade Paul, who was 18 years old, from participating in motorcycling races due to the risks involved. Pearline was after all an actuarial analyst who assessed risks on a regular basis for an insurance firm. But Paul had a mind of his own. Pearline reluctantly agreed and decided to support him by attending one of his races. During the race, as the motorcyclists were negotiating a bend for the last stretch of the race, Donny suddenly cut into Paul's path resulting in the latter having to swerve immediately to avoid Donny. However, it was too late as Paul lost his balance and his motorcycle skidded away, crashing against the side boards. Pearline did not witness the accident as she had to bring her youngest child to the wash room at that time. However, when she returned to the spectator's stand, she saw on the TV screen, which was projected to the spectators at the race tracks, that her son's legs were trapped under the motorcycle as the race track staff rushed to extricate him. Pearline accompanied Paul to the hospital in an ambulance. It transpired that Paul had to amputate his leg and fix a prosthetic leg. Pearline was later diagnosed with severe depression and had to undergo full therapy for a year. Pierre Tan and his family resided in a bungalow about 70-80 metres away from the west-gate of the race track. Most of the buildings nearby were factories and warehouses. Pierre had complained to Mach One about the noise and fumes from the race track during races. During the races, the announcements made through the loudspeakers, the rumble of the motorcycles as they course around the tracks and the fumes from the motorcycles are particularly unnerving for the Tans. Moreover, Pierre Junior, who was only 9 years old, suffered from allergic reactions to the accumulation of fumes emitted during race days. With regard to Peter’s complaints, Shoemaker responded that Mach One has been given permission by the authorities in charge of the western district to set up and operate the race track. Subsidiary legislation promulgated under the Motorcycling Racing Track Licensing Act authorises the Motorcycle Racing Authority (MRA) to grant business licenses to private entities. Shoemaker also stated quite curtly to Peter, “nobody asked you guys to move here. You moved here knowing full well that this is going to be a race track!” Mach One had stacked their tyres next to the partition at the east-end of the race track which adjoined a factory owned by Peng Trading, a sole proprietor. During one of the afternoons when there was no race, a few youths entered the race compound, lighted a fire and set the tyres near the partition ablaze. They were seen fleeing from the race track premises when the fire started. Unfortunately, due to the strong winds at that time, the fire spread to Peng Trading’s factory and destroyed its carpentry workshop. As a result, Peng had to abandon three projects to construct wardrobes and other furniture for clients. One of the youths was identified by an eye-witness as Mark Lim who was the son of the managing director of Marketplace Pte Ltd, Richard Lim. However, when asked by the press, Mark denied he was ever at the race track. Whilst police investigations were ongoing, one of Mark’s schoolmates Danny posted on his personal blog as follows: “Fire at Mach One: there is no smoke without fire, you know. Mark my words!” When Shoemaker was interviewed by a TV channel, Singapore News Channel, about the fire, he said, “Business is like a race. Sometimes you win, sometimes you lose. There is no reason to destroy someone’s property just because you cannot persuade your own stall-owners to stay put. He will have to pay for this.” A few days later, Singapore News Channel reported that Mark was not present at the race track and the other youths could not be identified. After having set up his satay stall at the Mach One race track for four months, Pritam was disappointed that his satay business was only breaking even. Despite the crowds at the race track, they could not be compared to those at the Esplanade Food Hub. He longed to return to Esplanade Food Hub as soon as possible but he found out that the contract with Mach One obliges him to continue business at the races for at least eight more months. When Pritam enquired from Shoemaker as to why the satay sales were not what he had promised, Shoemaker replied brusquely, “you have to do your own calculations, Pritam. Don’t expect me to do them for you!” Pritam also discovered that the other food stalls of a similar size were paying significantly lower rental fees to Mach One. Advise the various parties of their legal rights and remedies under Singapore tort law.","negligence|duty_of_care|standard_of_care|causation|remoteness|private_nuisance|vicarious_liability|defamation|consent_defence","5","0.92","parties|scenario|legal_issues|complications|defences|timeline","7",""
"15","Last Halloween, Resorts City Sembawang (“RCS”) ran a special theme throughout the entire resort that celebrated the spirit (or should I say spirits?) of the season. Part of this was a huge, unprecedented Haunted House (about the size of a football field) that we constructed on our resort grounds, in the middle of the amusement park. It was truly a sight to behold. At every corner of the maze were ghosts, dragons, skeletons, zombies, jumpscares, what have you. The attraction was only open to teenagers 18 and up, for obvious reasons. They placed bouncers on site to ensure this. Unfortunately, a number of people who entered the House were harmed. There are three archetypal claimants in particular. First, Tom is 35 year old computer engineer at Macrosoft. He visited the House on 31 Oct with his then girlfriend Sarah. Internal CCTV footage (hidden in the House, for safety reasons) show that Tom was really quite unmoved throughout the entire thing. He even laughed at a few scares. But Sarah was scared out of her wits. Upon leaving the House Sarah was seen gesturing aggressively at Tom. Tom’s lawyer’s letter states that this was the reason they broke up. Within a week Tom developed break-up induced grief disorder, which is a recognised psychiatric injury. Second, Timmy is a 14 year old kid who stole his sister Maven’s ID to make it through our bouncers. The House was obviously too much for the kid. On CCTV he was seen darting from corner to corner. Eventually he was seen hiding in a corner, curled up into a ball, hands covering his ears, and crying. It was only until three hours later that Maven found him in that corner and dragged him out. Timmy was apparently diagnosed with PTSD, an RPI, shortly thereafter. The third claimant is Maven herself. She is 23. She was very worriedly asking for Timmy all around the resort. In the House, she looked truly worried. She searched for Timmy for about one and a half hours, during which some of the scares also caught her completely off-guard. In her demand letter, she notes that the entire experience was truly traumatising and blames us for not making it easy for people who get too scared to exit. She also blames RCS for how difficult it was to find Timmy in the maze. Maven allegedly developed an RPI shortly thereafter as well. As further background, this is the general holding structure for RCS. The overall parent is RCS Pte Ltd, which owns the entire property. The amusement park portion is leased to RCS (Amusement) Pte Ltd (“RCSA”), a fully-owned subsidiary which runs the amusement park. The Haunted House was a collaboration between RCSA and Safe Houses Pte Ltd, an external vendor. Under the agreement, RCSA would provide the personnel necessary to run the attraction. That is, the bouncers, ghosts, zombies, etc, were played by RCS’s own staff. Meanwhile, Safe Houses provided all the logistical supporting, including the House itself, the set up, and all safety equipment (such as fire extinguishers). Safe Houses was also responsible for training RCS’ personnel on how to run the Haunted House, including on the best ways to scare people.","negligence|duty_of_care|standard_of_care|causation|remoteness|psychiatric_harm|private_nuisance|vicarious_liability|consent_defence","4","0.88","parties|scenario|legal_issues|complications|defences","5",""
"16","Forest is Southeast Asia’s leading online shopping destination. It has the hugest selection of third-party sellers on our platform which includes a few luxury brands that do not appear on any of our competitor’s websites. They also have their own line of luxury goods, the “Rafflesia” series, through which we provide custom-made soaps, couture, make-up, perfumes, food, and many other popular products. Their main website, forest.biz, receives millions of visits per day from consumers and store owners alike. As such, it is supported by a veritable infrastructure of computer servers located in data centres in Singapore, Indonesia, and the U.S. Forest appointed an external vendor, Safe Servers Pte Ltd (a Singapore company) to maintain the server farm. The contract states that their “primary and inalienable responsibility is to ensure that forest.biz is always up and running – 24 hours a day, 7 days a week, 365.25 days a year”. In parallel, Forest engaged a huge cybersecurity firm, Black Cat Ltd, to ensure that their servers do not fall prey to hackers. Black Cat had been advising Safe Servers on cybersecurity best practices for our servers for a few years. On 27 June 2020, however, Forest’s website suffered a massive outage for about 48 hours. Accountants estimate that they lost $25 million in revenue from those two days alone. They then engaged Descenture, an IT consultancy, to conduct a forensic investigation into the matter. Their report establishes the following: 1. The outage occurred because more than 80% of Forest’s servers were infected with a new computer virus that had been detected in January 2020. The virus, known as Donald-2020, is named after its supposed creator, an infamous hacker. 2. Although SS had provided for the standard 300% redundancy (i.e. for every one server required there are two backups), because so many servers were infected there were not enough servers left to support the traffic we were getting that day. 3. It was not clear how Donald-2020 managed to spread so quickly and rampantly within our server farm. The world’s top cybersecurity experts are still trying to identify exactly how the virus spreads. It defies traditional expectations. Emerging consensus is that the virus converts itself into electrical signals and cross-infects computers sharing the same power source. Thus, once a particular server in a data centre gets infected, within a short time all other servers sharing the same power source also get infected. 4. However, experts disagree on how the virus works to take down a server. One view is that a single instance of the virus suffices. After establishing itself in the server’s memory, it is able to replicate itself so much that it crowds out all of the server’s resources. Other experts do not believe that the virus is capable of self-replication. They hold instead that continuous exposure to a virus source is necessary. As more and more virus copies enters a target server via the shared power source, the server gets more and more overloaded and eventually fails. 5. What was clear, however, was that Safe Servers was had been egregiously careless in wiring up the servers. To save costs, they had overloaded their power sockets significantly. Many servers were sharing power sources with servers used by other companies with far weaker cybersecurity practices. A number of them do not even have in place basic, common-sense practices like data masking. 6. By May 2020 it was generally believed in the industry that, because of Donald-2020, server farms needed to be strictly electrically-distanced. This especially for high- value servers such as ours. Attempting to infect high-value (and thus high security) servers by first infecting low-value (and low security) ones is a well-known attack vector in the hacking circles. Black Cat did not advise Safe Servers on this matter. 7. It was likely that Forest’s servers were exposed to Donald-2020 through these low- security servers. At the same time, Descenture could not rule out the possibility that Forest’s servers were also directly compromised by hackers. Thus, there were two possible and non-mutually exclusive sources of virus exposure. 8. To the extent that the virus was a result of direct hacking, then even if proper distanc- ing had been practiced, some amount of the virus would still have been spreading within our server farm. Descenture noted that since Forest’s servers were more se- cure, the level of virus exposure would have been lower. But since how the virus operates is yet unclear, they could not definitely say if they would still have suffered such a major outage. Forest wishes to pursue a battery of contractual and tortious remedies against both Safe Servers and Black Cat.","negligence|duty_of_care|standard_of_care|causation|remoteness|contributory_negligence|vicarious_liability","4","0.87","parties|scenario|legal_issues|complications|defences","5",""
"17","A new augmented reality mobile game known as “Parks and Trees Go”, or “ParkG” for short, has taken the world by storm. Gamers are asked to explore various parks and forests around Singapore and point their cameras at different types of trees. The augmented reality system then spawns, on the phone, various fruits from out of those trees which can be harvested for points. The game’s runaway success has created an epidemic of people walking around parks with their phone cameras turned on. Typically a ParkG-er would use the phone’s camera as their effective ‘eyes’ for navigation. The game is massively profitable for its maker, Elastic Labs. To celebrate one year of the game’s release, Elastic decides to hold a special event at Sentosa’s Siloso beach. They lease half the beach from the Siloso Beach Company (“SBC”) and cordon it off. There, they bring and plant a host of fully-grown, exotic local trees. At the cost of a S$50 ticket, players may enter the limited area from 10am–12pm on a certain Sunday and harvest special types of fruits made available only there and then. Yee Sun is an avid ParkG-er with multiple max-leveled accounts that he plays on three stolen iPhones. He excitedly buys a ticket and shows up before dawn to the event. He waits for 10am patiently, first in the queue outside the entrance. At the event entrance, Elastic has set up a prominent sign which reads: Event Rules 1. Enter the event venue at your own risk. We have brought in special trees for this event not usually found on the beach. Participants are advised to take care when navigating the event zone. 2. A specific rule of the event zone is that players should not walk around with their phones out. Please stop walking and remain stationary while harvesting from the trees. The event venue was built to hold 150, but Elastic had sold 500 tickets before closing sales, counting on people showing up at different times and some no shows. However, by 9am, the queue to enter had at least 250 people, and counting. The long-snaking queue encircled most of Siloso beach, preventing anyone from otherwise delightful beach activities like soccer and volley. And while people waited in the hot sun, enterprising vendors from nearby snack stalls swooped upon the queue to sell devotees over-priced, unhealthy drinks and tidbits. This was highly profitable for the SBC which ultimately owns all the snack stalls there. The problem, however, was that the event left the entire beach littered with food containers and waste. SBC had to spend $10,000 getting a professional cleaning company to do the cleanup thereafter. More importantly, when the organisers opened the event gates at 10am, there was a mad rush of ParkG-ers like Yee Sun, running around the event beach brandishing multiple phones and using their cameras as eyes. In his frenzy, Yee Sun trips over a durian that had fallen onto the beach from a tree Elastic had brought in for the event. As luck would have it, Yee Sun suffered from an old hip injury from a rugby scrum gone wrong in his younger days. Because of the fall, Yee Sun’s hip is severely fractured. An ambulance that ParkG catered promptly gets to him and treats him. But the doctors later tell him that, if not for the old injury, he would not have been injured at all. To make things worse, Yee Sun’s fall means he was unable to continue harvesting at the event. His ParkG buddies all got shiny new fruits that they tease him for missing out on. Indeed, he is now unable to walk much. He cannot play the game he dearly loves. He suffers withdrawal symptoms and eventually develops an RPI.","negligence|duty_of_care|standard_of_care|causation|remoteness|consent_defence|contributory_negligence","4","0.85","parties|scenario|legal_issues|complications|defences","5",""
"18","Carlos engaged Torts Law Firm LLP (TLF) two years ago to advise on a loan he wanted to take to purchase his 5th super-car (this time, a $2m white Ferrari Enzo). With TLF’s help, a loan of $1m was granted by Eagle Bank to finance the purchase. The loan was for a period of 10 years with monthly instalments payable and an interest rate of 10% per annum, compounded monthly. The loan was also secured on the car (meaning the Bank could confiscate the car if the borrower failed to pay up). Carlos initially wanted to ensure that only his father Leong would be personally liable for the loan even though the main beneficiary was him. Although this went against standard banking industry practices and good financial sense, TLF in attempting to do the best for its client tried to help Carlos negotiate such a term anyway. Eagle Bank, however, was having none of it. After a long email chain with TLF’s lawyers decided to send them a version of the contract which contained standard terms making both Carlos and Leong joint and severally liable for the loan. The Bank’s email was however worded tactfully to make it seem like they had agreed to the terms. It reads, “Understand your clients concerns which are very valid, especially given who Carlos’ father is. Please find attached our proposed terms for your client’s kind signature please.”. One of TLF’s first-year associates Lim misunderstood this and forwarded the email to the supervising Partner Chen. Chen in turn happily sends it off to Carlos who promptly signs the contract digitally. As you may expect by now, eventually Carlos was unable to service the loan instalments. Eagle Bank sent a letter of demand to both Carlos and Leong. Leong was furious and cut off Carlos’ credit cards. Eagle Bank exercised the security and took over the beloved Ferrari. However, Carlos’ super-cars have earned him a significant social media following over the years. His followers are mostly petrol-heads and car enthusiasts like Carlos and engage with him closely on car-related topics. When Eagle Bank confiscated his Ferrari, Carlos posted this rant on his well-followed Instagram page: PSA: Torts Law Firm LLP like Traffic Police; Avoid at All Costs My precious whitey has been confiscated by the bank all because of incompe- tent lawyers. I asked them to make sure the loan was pinned to Dad’s company and they told me it can be done so I signed the contract they sent me. Turns out it wasn’t done at all! Now Dad has temporarily cut off my money as he always does. But he will relent in a while as usual and then I will pay. Be- cause it is pegged to me now that’s why the bank can do this. All this trouble because of the lawyers. Poor whitey! Engaging TLF is like driving a Toyota Prius, only a Prius will at least eventually get you where you want to be. Many of his followers commented on the post, expressing their collective disagreement at TLF. About five minutes after Carlos’ post went live, one of his followers Sebastian wrote, “TLF is the absolute worst law firm! I paid them to do my car loan too and they completely messed up the financial terms. I ended up paying monthly compounded instead of annually compounded interest. TLF really means Too Little Finance knowledge!” Sebastian did not realise that the firm he had engaged was actually Tan, Lee, and Fern LLP. Carlos liked the comment shortly after it was posted.","negligence|defamation|vicarious_liability","3","0.82","parties|scenario|legal_issues|complications","5",""
"19","In Silicon Valley, fund raises are the delight of everyone. Series A, B, C, mezzanine rounds are the dream of every tech entrepreneur. Every company and raise is different, but every fund-raising contract is the same. Typically, lawyers were just copy-pasting “templates” and charging startups thousands of dollars for “advice”. Hoping to disrupt this lucrative market, Alex and his wife Wendy (A&W), a programmer-lawyer duo, created a new app called Ventricle. A&W built and run the app from out of Singapore. On the app, users are asked a series of questions about their company and what kind of capital they are raising. Based on how they answer, Ventricle’s algorithm chooses the most relevant contract tem- plate and populates it with the user’s names and other relevant variables. A&W had paid about S$50,000 to a top US law firm in Silicon Valley for these templates. Thereafter, the user can either (a) download the template as it is, completely free, or (b) pay Ventricle to upgrade to what is called a ‘Vented’ contract. A ‘Vented’ contract is essentially a contract that is vetted by real lawyers. So far, A&W have signed up 10 partner law firms in Singapore with lawyers who are deeply experienced with fund-raising contracts. When a user Vents a contract, the system automatically sends the base template off to a randomly-chosen partner firm. They are expected to give it a human review, though A&W do not know what exactly happens there. The law firm is also given access to all the information the user enters on the form. This is done with the user’s express permission. All partner firms’ logos are prominently displayed on Ventricle’s website, and A&W make it a point to make sure that Venting users are informed about the exact law firm and partner their contracts will be reviewed by. The law firm is free to change anything in the contract they want. After they’re done, they upload the new version on Ventricle and the app automatically passes that on to the user. No further checks are performed to the Vented contract at all, and Ventricle’s terms of use make it clear to users that they “take no responsibility whatsoever for any Vented contracts”. There are no other material terms. Although there are several other contract-generation apps in the Singapore market, only A&W app’s has the option to Vent contracts. Because the entire process is so optimised and automated, Ventricle charges something along the lines of a 75% discount to what the average Singapore lawyer charges for the same work. It has therefore been seeing steady growth in its user base in Singapore and around the world. The platform is popular amongst both startup founders and investors. Toby is one such founder. Recently she started WeatherGPT, a startup whose main busi- ness is stated as “harnessing the power of ChatGPT to predict and control the weather”. Toby had previously started 3 tech startups involving blockchain, AI, etc but none of them have lasted very long. This time, however, riding the wave of ChatGPT hype, she man- aged to interest a reputable venture capitalist, Banyan Capital to invest. However, being a typical stingy Singaporean VC, they ask her to bear the costs of preparing the agreements. Not knowing any law herself, Toby turns to Ventricle and pays $500 for a Vented contract. Ventricle provides her a contract Vented by a large Singapore firm, Nadia & Kahn LLP. However, the contract contained a crucial typo — instead of saying that “Banyan Capital will invest $100,000 at pre-money valuation of $1m”, which was the informally agreed deal, the contract stated that “Banyan Capital will invest $100,000 at a post-money valu- ation of $1m”. The effective result was that Banyan Capital ended up owning 10% of the company instead of 9% as agreed, despite investing the exact same amount of cash. Neither party realised this and just signed the agreement. Things only came to light three months later when Toby was chasing yet another round of fund-raising, and thus had to double-check WeatherGPT’s share structure. At this point, Banyan and Toby agreed that they had better engage a proper law firm to sort this out. This was done but the additional paperwork cost them $30,000. The parties split this cost evenly and started investigating how the error got into the contract in the first place. They realised that although Toby had specified on Ventricle that the valuation should be pre-money, the first template Ventricle generated had already gotten it wrong. The trouble created by this fiasco also caused Toby several sleepless nights, with the result that she could not properly follow up on a promising lead she had with a potential investor.","negligence|duty_of_care|standard_of_care|causation","4","0.88","parties|scenario|legal_issues|complications","5",""
"20","Nihon Gardens (NG) is a local theme park made in the image of imperial Japan during the Meiji restoration. Our star attraction is a rustic riverway flanked by rows of wonder- ful cherry blossoms. NG invested significant resources into bringing that experience into Singapore. The cherry blossom trees are painstakingly imported from Kyoto. Using ad- vanced climate control techniques (similar to what you might see in the Gardens by the Bay’s Flower Dome), NG makes these cherry blossoms bloom even in Singapore’s hot weather. However, they can only manage this from late March to mid-April (when they are also in full bloom in most of Japan). Presumably because of the COVID-19 travel restrictions, NG has been seeing record num- bers of visitors. During cherry blossom season this year, their carpark simply could not accommodate the sheer numbers. The carpark is designed to accommodate up to 5% of the maximum capacity of the park itself. The maximum capacity of the park is 5000 visi- tors at any one time, but because of the safe distancing rules, NG has had to control access to the park and carpark very carefully. Only 1000 people are allowed in at any one time and COVID regulations require us not to let anyone into the carpark until it is their turn to enter the park itself. On a fateful March day, a long, snaking queue of cars seeking to enter NG’s carpark formed. It extending far beyond anything NG had ever seen. Some visitors were so fed up that they just parked their cars by the roadside and walked in. This created a serious road hazard on the two-lane, two-way public road leading into the park. Other visitors drove onto land owned by Brian, who lived in a nearby bungalow, and simply parked on the grass there. Brian eventually had to pay suffered $15,000 to get his lawn fixed, as he had specially imported a rare Japanese grass variety for his garden. NG had been around for thirty years and there have only been a few occasions where the carpark overflowed. All occurred during cherry blossom season. They had considered expanding the carpark but did not do so because it would have cost them quite a lot of money and lost revenue (since they would be forced to close the park for two months during the expansion). Separately, occupants of a nearby high-rise condominium called Park Blossoms had been free-loading off our cherry blossom spectacle. A quick search on short-term rental sites showed that many property owners there had put up their units for short-term stays around March – April each year. These rentals were always advertised to have “spectacular views of the Nihon Gardens’ wonderful cherry blossoms”. They charged highly premium prices. As a result, during cherry blossom season the entire park-facing facade of Park Blossoms would be filled with tourists and staycationeers pointing their binoculars and cameras at NG’s precious cherry blossoms. At night, a flood of camera flashes would emanate from the condo. This caused several of NG’s trees to fall ill. It has also prompted some of NG’s actual visitors to leave bad reviews on their Google page complaining that “being in Nihon Gardens during cherry blossom season is like being in a war zone bombarded by artillery”.","negligence|duty_of_care|trespass_to_land|private_nuisance|contributory_negligence","4","0.85","parties|scenario|legal_issues|complications|defences","5",""
"21","Maven Technologies (MT) is a newly-minted Singapore-based tech unicorn whose pri- mary product is a virtual reality headset known as the MaveGear. As described on Maven’s website, the MaveGear is a “truly revolutionary advance in VR tech that delivers true-to- life, hyper-realistic, fully-immersive experiences”. Its in-built speakers allow people to talk to one another online as if they were meeting in person. Maven’s proprietary “neural link” technology allows some physical touch to be simulated. Users can therefore feel ‘pain’, but this is highly limited and never actually dangerous to the body. Priced at $1,500, each MaveGear is worn much like a motorcyclist’s helmet. On startup, it always displays a standard warning that the MaveGear should “only be used in physical spaces with enough clearance for safe mobility”, and that “some MaveGear apps may contain disturbing images and/or light patterns or flashing lights that may trigger epileptic seizures”. The MaveGear has taken Singapore by storm. It is wildly popular amongst youths aged 29 and under, who have been using it to play a variety of first-person shooter, open-world, role-playing, adventure, and other VR games. Many also use it simply to meet friends and chat. The MaveGear experience is so authentic that users sometimes lose track of real-world time. Recently, taking seriously the Silicon Valley lore that “those who are serious about their hardware should make their own software”, Maven unveiled a new killer app for the MaveGear known as the Maven Creator Universe (MCU). The MCU is both a VR world in itself as well as an app store. In itself, the MCU is already a vast, explorable land- scape. Third-party developers (“creators”) can further build and host their own virtual spaces. This is, and can only be, done using Maverick, an open-source code framework developed, maintained, and documented by Maven. After the MCU’s release, swathes of small-time and established VR developers descend on the platform. They create scores of wondrous MCU spaces styled after alternate galax- ies, magical worlds, and medieval castles alike. One such developer YuriTech, a small game development company with only 5 employees. Working round the clock, they scrap together a new game they call “Among Them”. On release day, a quaint countryside village appears on the MCU landscape. It is surrounded by ten metre tall, opaque brick walls. The only entrance to (and exit from) the village is a set of massive steel gates at the village’s southernmost tip. By day, the village is bustling with activity. Scores of computer-controlled non-playable characters (NPCs) hawk exotic wares, delicious foods, carnival games, etc. This festive sight attracts numerous passer-by MCU users to enter and explore the village. As soon as the MCU World Clock strikes 7p.m., the steel gates swing shut. The previously- friendly NPCs spontaneously transform into all sorts of nightly horrors — zombies, were- wolves, giants, beasts, vampires. Time in the village stops momentarily while a voice in the sky announces that everyone there has become “players in a next-generation VR game, brought to you by YuriTech”. They are asked to choose from a variety of guns, swords, climbing gear, etc, and told that “the only way out is to fight and survive till the sun rises, or die trying”. Everyone is taken aback, but many experienced gamers take to it quickly. They go on to have the most fun they’ve ever had in years. Eli, 23, is not so lucky. Since young, he had been terrified of the dark. He had carefully avoided all horror movies and games. Just hearing YuriTech’s announcement had put him in a state of severe shock. Now finding himself suddenly amongst monsters, all Eli could do was hide in a corner of the village crying to himself. Through the night, he (his VR character) is repeatedly attacked and hurt by monsters. He is very, very distressed. It was not until the dawn the next (virtual) day that his real world university friend Nadia, who had racked up the second highest score that night, discovers him sobbing in a corner. She drags him out of there and screams, “ELI, JUST LOG OUT!” A surge of clarity takes over Eli. He does so. But it is too late. He had been stuck in the MCU for 8 real world hours. Haunted by images of the night, he develops a serious, recognized psychiatric injury within a week.","harassment|psychiatric_harm|negligence|duty_of_care|consent_defence","4","0.88","parties|scenario|legal_issues|complications|defences","5",""
"22","CryptoMath (“CM”) is amongst the largest producers of the popular cryptocurrency Vit- Coin (“VTC”). Under the VitCoin protocol, the currency is produced by throwing massive computing resources to solve for the next largest prime number. Every new prime gen- erates fresh VitCoins for the one who found it. This takes up significant compute, and essentially all the VitCoin producing companies race against each other to be the first to find the next prime. To solve for primes, CM relies heavily on processors from a chipmaker known as RTX Solutions. RTX makes all sorts of computer chips, including general purpose graphics processing units. One of their chips, the RTX105, turned out to be particularly suited for finding prime numbers, and has since become a staple of the VitCoin mining industry. However, a recent expose published by CoinFail.com, a group of investigative journalists, found that the actual prime processing power (VitCoiners call this PPP) was far below what had been advertised for certain batches of the RTX105 sold in Singapore. The report also showed that this originated from weaknesses in RTX’s quality control processes. RTX has since publicly acknowledged this and promised to do better. After learning about the problem, CM’s engineers benchmarked their RTXs and found that they RTXs had indeed been operating at 800 instead of the advertised 1600 PPP for about 2 years now. CM estimates to have lost out on between 4,000 to 5,000 VitCoins. Based on today’s CoinBase exchange rates, that makes about 400 to 500 thousand SGD. VitCoins are valuable because they also serve as tokens entitling the holder to special rights. The VitCoin is strongly supported by the International Society of Prime-Loving Mathematicians (“ISPriMe”), who promises to give awards, recognition, and all forms of goodies to those who present enough VitCoins. For example, 100 VTC entitles one to name the next discovered prime after anything they want, including themselves. 1,000 VTC may be exchanged for a dinner with the society’s president, a Fields medal recipient and the manager of a highly successful hedge fund. Those who have redeemed this even once have said that it is truly a life-changing experience. And, as the ultimate glory, 5,000 VTC entitles one to being conferred the highly-prestigious Primes medal, the prime number theory equivalent of the Fields. When CM wrote to RTX demanding compensation of 5,000 VTC (or equivalents), they responded with an open letter published on their website RTX.com: Dear CryptoMath, While we are deeply sorry for that your RTX105s have not performed up to your unique expectations, we regret that we cannot accede to your oddly- specific demands. Foremost, the RTX105 chips are general purpose processing units meant to be applied for broad computing purposes. We did not recommend relying on them for highly-intensive and financially-sensitive things, such as the mining of VitCoin. For this reason, we do not hold any VitCoin, and do not hold ourselves responsible to compensate crypto companies like yours, especially when they are so many frauds out there and when your relationship with these frauds is unclear. Second, it is unreasonable for you to insist that we arrange a dinner with the ISPriMe president for you. Third, we are ourselves victims in this situation. Based on our internal in- vestigations, details of which will soon be publicised, the Limited RTX105 Under-Performance Issue was exacerbated by external forces beyond our con- trol. We are only a chip maker, and had paid a chip design consultancy in the US to create the blueprint and architecture of the chip for us. The US chip designer had not considered Singapore’s hot and humid climate, which oper- ated together with the designer’s oversight to cause the Under-Performance. Notably, the Under-Performance usually only occurs when the chips are put under severe stress. For instance, if for some reason one were to unilaterally decide to leave them on all day to find prime numbers. Granted, had we checked more carefully we would have fixed the issue before distributing the chips. However, taken together with the first three reasons above, we do not believe we are liable to compensate you for your alleged ‘losses’.","negligence|duty_of_care|standard_of_care|causation|remoteness|defamation","4","0.87","parties|scenario|legal_issues|complications","5",""
"23","Survinder has just left his law practice after a 6 year stint there. He had been with the firm, Soo & Drexel LLP, since he was a trainee. Unfortunately he was recently told he would not make partner. Dejected but determined, he asks that his current boss Amelia (an equity partner) write a reference letter for him to use for securing a job at another law firm, Second Chance LLP. In the interests of objectivity, Second Chance had asked Survinder to direct Amelia to send them this letter directly and without going through him. Unknown to Survinder, Amelia had always found Survinder’s work unacceptable and had only kept him because she could not find someone better. Worried Survinder would leave, she had always given him positive comments on his work. But her letter details Survinder’s many failings at the firm. It reads: Survinder has worked for me for 6 years in the corporate law department. He joined us as a trainee 6 years ago. I have been his direct supervisor since. It is not clear how Survinder got into law school in the first place, and even more of a mystery as to how he managed to secure qualifying honours. De- spite my constant encouragement and guidance, Survinder just does not seem to ‘get’ what law practice requires. Tenacity, diligence, wit, creativity, re- silience – all these traits seem to have skipped his generation. I have kept him for 6 years in the hope that he would eventually see the light. But I recently saw the light that he would not (and managed to hire someone else). I will also note one specific example. We acted for a bank recently on a tax advisory matter. The client simply wanted us to advise on how best to opti- mise their tax liability for their proposed acquisition of an asset. The answer to me was straightforward. A Cayman Islands’ trust and a British Virgin Is- lands subsidiary would have done the job. You know, the usual. We’ve done hundreds of these for our clients. But Survinder took three weeks of research and even then concluded that we could not help the client on that matter. All in all I would still recommend Survinder to you. It would be like hiring a second-year associate, only marginally better. These are rare in the current job market. Unknown to Amelia, Second Chance LLP was run by Kushvinder: a top litigator who also happened to be Survinder’s uncle. Kushvinder reads the letter and gets a rude shock. He confronts Survinder about this. Survinder argues that Amelia’s charges were entirely false. He had always worked extremely hard at Soo & Drexel; it was Amelia herself who never noticed how hard he had been working because she always left the office at 6pm for drinks. He had taken some time on the bank matter because the law recently changed to make Amelia’s proposed structure totally unworkable. After hearing Survinder’s explanation, Kushvinder agreed that the structure was unworkable. Survinder now suspects that he had lost many prior job opportunities he had applied for because of Amelia’s recommendation letter. The uncle-nephew duo now want to sue her. Following the sacred wisdom that “a lawyer who represents themselves has a fool for a client”, they approach you for advice instead. Advise them.","negligence|duty_of_care|standard_of_care|causation|defamation","3","0.85","parties|scenario|legal_issues|complications","5",""
"24","TokoMart (TM) is an up-and-coming e-commerce platform whose stated mission is to “make it incredibly easy for anyone to establish an online commercial presence by au- tomating everything from marketing to pricing and delivery”. Since its launch in 2021, it has steadily gained users in Singapore and around the world. Today around 80,000 Singapore users frequently sell things on TM and 200,000 frequently buy. TM succeeded because of a software TM markets as “AutoMart: the easiest, safest way to sell anything, anywhere”. All users need to do is upload pictures of products they want to sell, and AutoMart takes care of the rest, automatically generating an online “Shopfront” for the user. Under the hood, AutoMart comprises a mix of proprietary and third-party modules. First, an open-source image recognition software identifies the product pictured in each image. Next, another software module replaces the image’s original background with a Midjourney generated one created from the prompt “create a beautiful, high-res product backdrop for [insert product name here]”. Third, marketing text is generated by prompting ChatGPT to “create interesting, mar- ketable text for [insert product name here]”. Midjourney and ChatGPT are both created and maintained by third-party companies based outside Singapore. Finally, AutoMart scrapes the Web for listings of comparable products and computes possible prices by tak- ing the 60% percentile of all prices found. That is, all products are priced to be more expensive than 60% of the others, but cheaper than the remaining 40%. The generated product name, image, marketing, and price are then used to auto-fill website templates on the user’s Shopfront. All of this is supported by standard third-party payment services such as Paylah and Paypal, though sellers are expected to handle deliveries or pickups themselves. Teresa is a rising fourth year business student. Her parents Chang and Howie (C&H) own one of Singapore’s largest confectioneries. As their daughter was graduating soon, C&H decided to give Teresa a “small startup fund” of S$250,000 to seed her future career. This was on the condition that she would have to pay it all back if, but only if, she made profits. Teresa developed some streetsmarts watching her parents run the family business but had never run her own shop before. Sensing a seasonal opportunity, Teresa sank the entire sum into importing mooncakes from Malaysia. Mooncakes are pastries typically consumed around the Chinese mid-autumn festival. Prices in Singapore have been steadily rising due to strong demand and hype, reaching an average of $10 per piece. Given her family connections, however, Teresa was able to procure them for $1 each. Hoping to show her ability to “strike it out all on her own”, Teresa decided to peddle her wares entirely online. This especially as her parents were “too old-fashioned to sell online even though their company had a website”. On 1 September 2023, she uploaded pictures of her products on TM. AutoMart created her Shopfront automatically, complete with a flattering description of her mooncakes as “delectable seasonal sensations” and studio-quality images painting them in a mouth-watering light. Unknown to all parties, however, one of TM’s engineers had carelessly updated 60% in the pricing algorithm to 80%. Teresa’s mooncakes ended up being priced at $12 instead of $10. Nonetheless, due to strong marketing, Teresa cleared more than 20% of her total stock within the first sales day. This caught the attention of Cyril, Teresa’s schoolmate and rival (after she, in his view, failed to pull her weight in a year one group project). Cyril knew Teresa’s background and realised that the mooncakes she had were very similar to those her parents were selling in their physical stores, but at only $10 each. Further, Teresa’s product description and images were also nearly identical to those on C&H’s website. Cyril calculated that all he needed to sabotage Teresa was to spill this information. On 3 September, he took to several forums and social media platforms to post this message: “SCAM ALARM! Teresa, daughter of the famous C&H confectionery, is misleading the public by selling C&H’s mooncakes online, but at a 20% premium! Don’t even know if its safe. BOYCOTT.” The message went viral immediately. By 4 September, Teresa’s business had crashed. Almost no orders came in. Sales never recovered. Teresa ended up making a net loss of $200,000. Thankfully, the main family business was unaffected. Still, Teresa’s par- ents witnessed Teresa’s commercial disaster and were totally embarrassed by the incident. They blamed themselves for “giving Teresa too much responsibility despite her tender young age”. They both develop recognised psychiatric injuries.","defamation|negligence|duty_of_care|standard_of_care|causation|remoteness|contributory_negligence","4","0.87","parties|scenario|legal_issues|complications|defences","5",""
